{
    "loss": 37.34020233154297,
    "accuracy": 0.5686274766921997
}